https://youtube.com/watch?v=yWgf7p3_z8w	available	Ragnarok Online OST 13: Theme of Geffen
https://youtube.com/watch?v=8wMDYIh0S0I	available	Deleted video
https://youtube.com/watch?v=2lq1pNBJP74	available	Final Fantasy 7 Soundtrack - Wutai
https://youtube.com/watch?v=jQT8xLkw_3w	available	Ragnarok Online OST 51: Believe in myself
https://youtube.com/watch?v=7hsE5wtZWC8	available	Final Fantasy XII OST - cd2 - 01 - The Princess' Vision
https://youtube.com/watch?v=5x4bbLcVO6Y	available	Assassin's Creed Revelations (The Complete Recordings) OST - Istanbul (Track 29)
https://youtube.com/watch?v=5IyQ4btvrSY	available	Dragon's Crown OST - Canaan Temple
https://youtube.com/watch?v=ZQx1QwADjmc	available	Breath of Fire IV Music ~ How Long Will The Rain Last
https://youtube.com/watch?v=oZjTGFeBXAY	available	Hotline Miami 2: Wrong Number Soundtrack - Around
https://youtube.com/watch?v=aocHVcJnJl8	available	Bahamut Lagoon Music ~ Friendship
https://youtube.com/watch?v=N3sGQgGxTBs	available	Castlevania Lords Of Shadow OST - Luminous Vista
https://youtube.com/watch?v=K7AhB8EmSCo	available	Sarabande of Healing
https://youtube.com/watch?v=8O7OY3M0Ftc	available	Breath of Fire III - To a Distant Place (Overworld Theme 2)
https://youtube.com/watch?v=Hh2yOCB8iDw	available	Dragon's Crown OST - World Map - Piano Version
https://youtube.com/watch?v=I_U8AYYRAOk	available	Breath Of Fire IV Music ~ The World Beneath Your Feet
https://youtube.com/watch?v=mdPlcKg-qFs	available	[Donkey Kong 2 OST] Stickerbrush Symphony
https://youtube.com/watch?v=TkwnloszVQ4	available	Bahamut Lagoon Music ~ Green Land Campbell
https://youtube.com/watch?v=4iovcGjvr38	available	Memories of green
https://youtube.com/watch?v=9FiNxKo5l3Y	available	Final Fantasy XII OST - cd1 - 10 - Penelo's Theme
https://youtube.com/watch?v=n9Ww77YXWTc	available	Hyper Duel (Saturn) OST - Night Sweeper [ARRANGE]
https://youtube.com/watch?v=G0NDtDGcHvo	available	Ragnarok Online OST 65: Into the Abyss
https://youtube.com/watch?v=Oo_ZEDwtRx4	available	Tales Weaver OST - First Run
https://youtube.com/watch?v=p9qZ0xHmS5Y	available	Final Fantasy XII OST - cd3 - 09 - Eruyt Village
https://youtube.com/watch?v=ztTjQB89v6U	available	Assassin's Creed 2 OST / Jesper Kyd - Home In Florence (Track 05)
https://youtube.com/watch?v=RQy5ABqhMy8	available	Breath of Fire III - Nothing to Say
https://youtube.com/watch?v=WGI1CHUJ7vc	available	Dragon's Crown OST - Mystery and Sadness
https://youtube.com/watch?v=IjxhG439ng8	available	Final Fantasy XII OST - cd2 - 17 - The Skycity of Bhujerba
https://youtube.com/watch?v=wyahbjZ0hjE	available	Castlevania: Lament of Innocence OST - Fog-enshrouded Nightscape
https://youtube.com/watch?v=j6VoS1RlA6Q	available	Secret of the forest
https://youtube.com/watch?v=s_UK4FslHfM	available	LaTale Music - Collapsed Tower (붕괴의 탑) - Tower of GOD
https://youtube.com/watch?v=fu3QljGSObw	available	SFA_Constituency (Tree of Savior OST)
https://youtube.com/watch?v=G2sAh0-3n64	available	yasuhisa watanabe - Fuse Overlay
https://youtube.com/watch?v=Hfq8kwtuyG8	available	Ragnarok Online OST 83: Sleepless
https://youtube.com/watch?v=dk99_G8JeuY	available	테일즈위버 OST - Walking on your own
https://youtube.com/watch?v=Nc_qkm0wgtY	available	Groovin Tonight
https://youtube.com/watch?v=cmvIIFHhXwo	available	테일즈위버 OST - Blue Coral
https://youtube.com/watch?v=gEPls197sg8	available	Ragnarok Online OST 28: You're in ruins
https://youtube.com/watch?v=o1rgfYXARFo	available	Resident Evil 4 Soundtrack - Assignment Ada End Roll~Noche
https://youtube.com/watch?v=a1BGIhHo_lc	available	Gurren Lagann OST Disc 1 - 24 - What the Heck is 'Moe'! / 'Moe' tte Ittai Nan desu ka? / 「萌え」っていっ...
https://youtube.com/watch?v=hANInMa6d2c	available	Final Fantasy 7 Soundtrack - Tifa's Theme
https://youtube.com/watch?v=wkpV7ad-4Os	available	Ragnarok Online OST 81: Thai Orchid
https://youtube.com/watch?v=RJGBKkqfzIA	available	Assassin's Creed Revelations (The Complete Recordings) OST - Welcome to Kostantiniyye (Track 08)
https://youtube.com/watch?v=zwM4pDzR-6g	available	Ragnarok Online OST 14: Theme of Payon
https://youtube.com/watch?v=IEg_5gGeypk	available	Dragon's Crown OST - Returning Home
https://youtube.com/watch?v=gMOLrTNdTlU	available	Age of Mythology Soundtrack - 02 Eat Your Potatoes
https://youtube.com/watch?v=uPY5uu4SntI	available	Assassin's Creed 2 OST / Jesper Kyd - Tour of Venice (Track 10)
https://youtube.com/watch?v=YuyAdaMCmYk	available	Assassin's Creed 2 OST / Jesper Kyd - Night Mission In Venice (Track 28)
https://youtube.com/watch?v=tD526Bgrd_g	available	SFA_Amicably (Tree of Savior OST)
https://youtube.com/watch?v=hOAnvMGeAAk	available	Ragnarok Online OST 20: Ancient groover
https://youtube.com/watch?v=1VeljJHk4HE	available	Age of Mythology Soundtrack - 05 Suture Self
https://youtube.com/watch?v=Jqv3No98j5M	available	Ragnarok Online OST 03: Peaceful Forest
https://youtube.com/watch?v=ltUeV1AGHBw	available	Breath of Fire III - Sandy Sound
https://youtube.com/watch?v=2DuvYC3zENI	available	Ragnarok Online OST 12: Streamside
https://youtube.com/watch?v=UpoBLVNGng4	available	Assassin's Creed Revelations (The Complete Recordings) OST - Nova Roma  (Track 18)
https://youtube.com/watch?v=PghEccwexqs	available	Castlevania Lords Of Shadow OST - Ruined Bridge
https://youtube.com/watch?v=SNAltPvNUrA	available	Rayman 1 OST - Entering The Cavern
https://youtube.com/watch?v=9784-KKye1U	available	Dragon's Crown OST - A Moment of Rest
https://youtube.com/watch?v=Rv012tX_MfI	available	Dragon's Crown OST - Memories to be Told
https://youtube.com/watch?v=POlBtkE2mok	available	Ed Harrison - Nimbus [Neotokyo OST]
https://youtube.com/watch?v=QkUfTArwlS4	available	Assassin's Creed Brotherhood OST - City of Rome (Track 02)
https://youtube.com/watch?v=qSiLirUz-GI	available	Terra Battle Soundtrack - The Maker's Beckoning [Menu Theme]
https://youtube.com/watch?v=hKGv2wYIzTU	available	Terra Battle Soundtrack - Evening At The Tavern
https://youtube.com/watch?v=ToNkuMuiJbw	available	Endless Sea of Stars - GrimGrimoire OnceMore OST
https://youtube.com/watch?v=TT6ci6qFvRE	available	Ancient Secrets - GrimGrimoire OnceMore OST
https://youtube.com/watch?v=1XM8ReW9NvA	available	Donkey Kong Country OST (Super Nintendo) - Track 07/23 - Aquatic Ambiance
https://youtube.com/watch?v=Ior-jYblXU0	available	Donkey Kong Country OST (Super Nintendo) - Track 11/23 - Life in the Mines
https://youtube.com/watch?v=uiO49xj_vbQ	available	33  Yu Gi Oh! Forbidden Memories OST    Forbidden Ruins
